Course Name,Form,Language,2010 Prov Enrol,2010 Prov Writing,2010 Prov Absent,2010 Prov Excused,2010 Prov Acc,2010 Prov Exc,2010 Prov Below,2010 Prov Not Avail,2010 Prov Part 1 Acc,2010 Prov Part 1 Exc,2010 Prov Part 2 Acc,2010 Prov Part 2 Exc,2010 Prov % Writing,2010 Prov % Absent,2010 Prov % Excused,2010 Prov % Acc of Enrol,2010 Prov % Exc of Enrol,2010 Prov % Below of Enrol,2010 Prov % Not Avail,2010 Prov % Acc of Writing,2010 Prov % Exc of Writing,2010 Prov % Below of Writing,2010 Prov Part 1 % Acc,2010 Prov Part 1 % Exc,2010 Prov Part 2 % Acc,2010 Prov Part 2 % Exc,2010 Prov Mean %,2010 Prov Std Dev %,2011 Prov Enrol,2011 Prov Writing,2011 Prov Absent,2011 Prov Excused,2011 Prov Acc,2011 Prov Exc,2011 Prov Below,2011 Prov Not Avail,2011 Prov Part 1 Acc,2011 Prov Part 1 Exc,2011 Prov Part 2 Acc,2011 Prov Part 2 Exc,2011 Prov % Writing,2011 Prov % Absent,2011 Prov % Excused,2011 Prov % Acc of Enrol,2011 Prov % Exc of Enrol,2011 Prov % Below of Enrol,2011 Prov % Not Avail,2011 Prov % Acc of Writing,2011 Prov % Exc of Writing,2011 Prov % Below of Writing,2011 Prov Part 1 % Acc,2011 Prov Part 1 % Exc,2011 Prov Part 2 % Acc,2011 Prov Part 2 % Exc,2011 Prov Mean %,2011 Prov Std Dev %,2012 Prov Enrol,2012 Prov Writing,2012 Prov Absent,2012 Prov Excused,2012 Prov Acc,2012 Prov Exc,2012 Prov Below,2012 Prov Not Avail,2012 Prov Part 1 Acc,2012 Prov Part 1 Exc,2012 Prov Part 2 Acc,2012 Prov Part 2 Exc,2012 Prov % Writing,2012 Prov % Absent,2012 Prov % Excused,2012 Prov % Acc of Enrol,2012 Prov % Exc of Enrol,2012 Prov % Below of Enrol,2012 Prov % Not Avail,2012 Prov % Acc of Writing,2012 Prov % Exc of Writing,2012 Prov % Below of Writing,2012 Prov Part 1 % Acc,2012 Prov Part 1 % Exc,2012 Prov Part 2 % Acc,2012 Prov Part 2 % Exc,2012 Prov Mean %,2012 Prov Std Dev %,2013 Prov Enrol,2013 Prov Writing,2013 Prov Absent,2013 Prov Excused,2013 Prov Acc,2013 Prov Exc,2013 Prov Below,2013 Prov Not Avail,2013 Prov Part 1 Acc,2013 Prov Part 1 Exc,2013 Prov Part 2 Acc,2013 Prov Part 2 Exc,2013 Prov % Writing,2013 Prov % Absent,2013 Prov % Excused,2013 Prov % Acc of Enrol,2013 Prov % Exc of Enrol,2013 Prov % Below of Enrol,2013 Prov % Not Avail,2013 Prov % Acc of Writing,2013 Prov % Exc of Writing,2013 Prov % Below of Writing,2013 Prov Part 1 % Acc,2013 Prov Part 1 % Exc,2013 Prov Part 2 % Acc,2013 Prov Part 2 % Exc,2013 Prov Mean %,2013 Prov Std Dev %,2014 Prov Enrol,2014 Prov Writing,2014 Prov Absent,2014 Prov Excused,2014 Prov Acc,2014 Prov Exc,2014 Prov Below,2014 Prov Not Avail,2014 Prov Part 1 Acc,2014 Prov Part 1 Exc,2014 Prov Part 2 Acc,2014 Prov Part 2 Exc,2014 Prov % Writing,2014 Prov % Absent,2014 Prov % Excused,2014 Prov % Acc of Enrol,2014 Prov % Exc of Enrol,2014 Prov % Below of Enrol,2014 Prov % Not Avail,2014 Prov % Acc of Writing,2014 Prov % Exc of Writing,2014 Prov % Below of Writing,2014 Prov Part 1 % Acc,2014 Prov Part 1 % Exc,2014 Prov Part 2 % Acc,2014 Prov Part 2 % Exc,2014 Prov Mean %,2014 Prov Std Dev %,2010 Auth Enrol,2010 Auth Writing,2010 Auth Absent,2010 Auth Excused,2010 Auth Acc,2010 Auth Exc,2010 Auth Below,2010 Auth Not Avail,2010 Auth Part 1 Acc,2010 Auth Part 1 Exc,2010 Auth Part 2 Acc,2010 Auth Part 2 Exc,2010 Auth % Writing,2010 Auth % Absent,2010 Auth % Excused,2010 Auth % Acc of Enrol,2010 Auth % Exc of Enrol,2010 Auth % Below of Enrol,2010 Auth % Not Avail,2010 Auth % Acc of Writing,2010 Auth % Exc of Writing,2010 Auth % Below of Writing,2010 Auth Part 1 % Acc,2010 Auth Part 1 % Exc,2010 Auth Part 2 % Acc,2010 Auth Part 2 % Exc,2010 Auth Mean %,2010 Auth Std Dev %,2011 Auth Enrol,2011 Auth Writing,2011 Auth Absent,2011 Auth Excused,2011 Auth Acc,2011 Auth Exc,2011 Auth Below,2011 Auth Not Avail,2011 Auth Part 1 Acc,2011 Auth Part 1 Exc,2011 Auth Part 2 Acc,2011 Auth Part 2 Exc,2011 Auth % Writing,2011 Auth % Absent,2011 Auth % Excused,2011 Auth % Acc of Enrol,2011 Auth % Exc of Enrol,2011 Auth % Below of Enrol,2011 Auth % Not Avail,2011 Auth % Acc of Writing,2011 Auth % Exc of Writing,2011 Auth % Below of Writing,2011 Auth Part 1 % Acc,2011 Auth Part 1 % Exc,2011 Auth Part 2 % Acc,2011 Auth Part 2 % Exc,2011 Auth Mean %,2011 Auth Std Dev %,2012 Auth Enrol,2012 Auth Writing,2012 Auth Absent,2012 Auth Excused,2012 Auth Acc,2012 Auth Exc,2012 Auth Below,2012 Auth Not Avail,2012 Auth Part 1 Acc,2012 Auth Part 1 Exc,2012 Auth Part 2 Acc,2012 Auth Part 2 Exc,2012 Auth % Writing,2012 Auth % Absent,2012 Auth % Excused,2012 Auth % Acc of Enrol,2012 Auth % Exc of Enrol,2012 Auth % Below of Enrol,2012 Auth % Not Avail,2012 Auth % Acc of Writing,2012 Auth % Exc of Writing,2012 Auth % Below of Writing,2012 Auth Part 1 % Acc,2012 Auth Part 1 % Exc,2012 Auth Part 2 % Acc,2012 Auth Part 2 % Exc,2012 Auth Mean %,2012 Auth Std Dev %,2013 Auth Enrol,2013 Auth Writing,2013 Auth Absent,2013 Auth Excused,2013 Auth Acc,2013 Auth Exc,2013 Auth Below,2013 Auth Not Avail,2013 Auth Part 1 Acc,2013 Auth Part 1 Exc,2013 Auth Part 2 Acc,2013 Auth Part 2 Exc,2013 Auth % Writing,2013 Auth % Absent,2013 Auth % Excused,2013 Auth % Acc of Enrol,2013 Auth % Exc of Enrol,2013 Auth % Below of Enrol,2013 Auth % Not Avail,2013 Auth % Acc of Writing,2013 Auth % Exc of Writing,2013 Auth % Below of Writing,2013 Auth Part 1 % Acc,2013 Auth Part 1 % Exc,2013 Auth Part 2 % Acc,2013 Auth Part 2 % Exc,2013 Auth Mean %,2013 Auth Std Dev %,2014 Auth Enrol,2014 Auth Writing,2014 Auth Absent,2014 Auth Excused,2014 Auth Acc,2014 Auth Exc,2014 Auth Below,2014 Auth Not Avail,2014 Auth Part 1 Acc,2014 Auth Part 1 Exc,2014 Auth Part 2 Acc,2014 Auth Part 2 Exc,2014 Auth % Writing,2014 Auth % Absent,2014 Auth % Excused,2014 Auth % Acc of Enrol,2014 Auth % Exc of Enrol,2014 Auth % Below of Enrol,2014 Auth % Not Avail,2014 Auth % Acc of Writing,2014 Auth % Exc of Writing,2014 Auth % Below of Writing,2014 Auth Part 1 % Acc,2014 Auth Part 1 % Exc,2014 Auth Part 2 % Acc,2014 Auth Part 2 % Exc,2014 Auth Mean %,2014 Auth Std Dev %
English Language Arts 6,001,Written in English,43538,39471,1759,2308,36251,8223,3220,4067,35871,5156,35978,16418,90.7,4.0,5.3,83.3,18.9,7.4,9.3,91.8,20.8,8.2,90.9,13.1,91.2,41.6,66.6,13.1,43391,39402,2002,1987,36017,8032,3385,3989,34978,4731,36000,16261,90.8,4.6,4.6,83.0,18.5,7.8,9.2,91.4,20.4,8.6,88.8,12.0,91.4,41.3,65.3,13.3,43135,39182,1898,2055,35672,7682,3510,3953,34316,5085,35128,15641,90.8,4.4,4.8,82.7,17.8,8.1,9.2,91.0,19.6,9.0,87.6,13.0,89.7,39.9,66.3,14.0,44107,40040,1873,2194,36399,7201,3641,4067,35734,4680,35717,15778,90.8,4.2,5.0,82.5,16.3,8.3,9.2,90.9,18.0,9.1,89.2,11.7,89.2,39.4,66.7,13.1,45704,41301,2261,2142,37428,8041,3873,4403,36414,5592,36895,16664,90.4,4.9,4.7,81.9,17.6,8.5,9.6,90.6,19.5,9.4,88.2,13.5,89.3,40.3,67.0,13.5,1158,1098,23,37,1038,250,60,60,1043,150,1040,522,94.8,2.0,3.2,89.6,21.6,5.2,5.2,94.5,22.8,5.5,95.0,13.7,94.7,47.5,68.5,11.7,1154,1104,19,31,1070,272,34,50,1037,143,1059,559,95.7,1.6,2.7,92.7,23.6,2.9,4.3,96.9,24.6,3.1,93.9,13.0,95.9,50.6,68.5,11.7,1165,1114,13,38,1077,255,37,51,1046,158,1067,526,95.6,1.1,3.3,92.4,21.9,3.2,4.4,96.7,22.9,3.3,93.9,14.2,95.8,47.2,69.7,11.7,1160,1112,11,37,1053,243,59,48,1044,149,1039,512,95.9,0.9,3.2,90.8,20.9,5.1,4.1,94.7,21.9,5.3,93.9,13.4,93.4,46.0,69.1,11.7,1177,1116,19,42,1072,286,44,61,1058,186,1043,556,94.8,1.6,3.6,91.1,24.3,3.7,5.2,96.1,25.6,3.9,94.8,16.7,93.5,49.8,70.4,12.1
French Language Arts 6,001,Written in French,2484,2423,53,8,2194,394,229,61,2299,532,2009,432,97.5,2.1,0.3,88.3,15.9,9.2,2.5,90.5,16.3,9.5,94.9,22.0,82.9,17.8,66.7,14.2,2635,2563,56,16,2356,451,207,72,2468,600,2184,559,97.3,2.1,0.6,89.4,17.1,7.9,2.7,91.9,17.6,8.1,96.3,23.4,85.2,21.8,69.5,13.9,2591,2523,62,6,2315,447,208,68,2396,492,2160,621,97.4,2.4,0.2,89.3,17.3,8.0,2.6,91.8,17.7,8.2,95.0,19.5,85.6,24.6,68.4,13.5,2599,2547,39,13,2302,424,245,52,2384,450,2155,632,98.0,1.5,0.5,88.6,16.3,9.4,2.0,90.4,16.6,9.6,93.6,17.7,84.6,24.8,67.8,13.3,2752,2687,51,14,2421,428,266,65,2453,423,2318,711,97.6,1.9,0.5,88.0,15.6,9.7,2.4,90.1,15.9,9.9,91.3,15.7,86.3,26.5,69.0,13.3,69,68,1,0,61,6,7,1,64,10,56,12,98.6,1.4,0.0,88.4,8.7,10.1,1.4,89.7,8.8,10.3,94.1,14.7,82.4,17.6,65.1,13.1,72,71,0,1,69,18,2,1,71,25,65,20,98.6,0.0,1.4,95.8,25.0,2.8,1.4,97.2,25.4,2.8,100.0,35.2,91.5,28.2,73.9,12.5,84,83,1,0,75,12,8,1,78,19,70,16,98.8,1.2,0.0,89.3,14.3,9.5,1.2,90.4,14.5,9.6,94.0,22.9,84.3,19.3,67.8,14.1,82,80,1,1,70,11,10,2,70,10,65,15,97.6,1.2,1.2,85.4,13.4,12.2,2.4,87.5,13.8,12.5,87.5,12.5,81.3,18.8,66.0,13.4,104,102,2,0,88,13,14,2,90,13,80,21,98.1,1.9,0.0,84.6,12.5,13.5,1.9,86.3,12.7,13.7,88.2,12.7,78.4,20.6,66.0,14.1
Mathematics 6,001,All Students Writing,21580,19050,1400,1130,16044,3574,3006,2530,16198,2776,15884,4898,88.3,6.5,5.2,74.3,16.6,13.9,11.7,84.2,18.8,15.8,85.0,14.6,83.4,25.7,69.8,18.8,43498,39478,1725,2295,32057,7750,7421,4020,N/A,N/A,N/A,N/A,90.8,4.0,5.3,73.7,17.8,17.1,9.2,81.2,19.6,18.8,N/A,N/A,N/A,N/A,64.0,19.7,43135,39242,1915,1978,32248,7178,6994,3893,N/A,N/A,N/A,N/A,91.0,4.4,4.6,74.8,16.6,16.2,9.0,82.2,18.3,17.8,N/A,N/A,N/A,N/A,61.2,19.8,44056,40047,1573,2436,32179,7247,7868,4009,N/A,N/A,N/A,N/A,90.9,3.6,5.5,73.0,16.4,17.9,9.1,80.4,18.1,19.6,N/A,N/A,N/A,N/A,56.4,20.0,45617,41356,2005,2256,33525,7019,7831,4261,N/A,N/A,N/A,N/A,90.7,4.4,4.9,73.5,15.4,17.2,9.3,81.1,17.0,18.9,N/A,N/A,N/A,N/A,57.1,20.3,1043,992,19,32,864,222,128,51,885,169,858,298,95.1,1.8,3.1,82.8,21.3,12.3,4.9,87.1,22.4,12.9,89.2,17.0,86.5,30.0,72.4,17.8,1154,1103,15,36,984,306,119,51,N/A,N/A,N/A,N/A,95.6,1.3,3.1,85.3,26.5,10.3,4.4,89.2,27.7,10.8,N/A,N/A,N/A,N/A,69.4,17.9,1165,1108,14,43,1009,280,99,57,N/A,N/A,N/A,N/A,95.1,1.2,3.7,86.6,24.0,8.5,4.9,91.1,25.3,8.9,N/A,N/A,N/A,N/A,66.8,17.4,1159,1108,14,37,950,269,158,51,N/A,N/A,N/A,N/A,95.6,1.2,3.2,82.0,23.2,13.6,4.4,85.7,24.3,14.3,N/A,N/A,N/A,N/A,60.8,19.5,1176,1120,11,45,985,223,135,56,N/A,N/A,N/A,N/A,95.2,0.9,3.8,83.8,19.0,11.5,4.8,87.9,19.9,12.1,N/A,N/A,N/A,N/A,60.9,18.8
Mathematics 6,001,Written in English,19206,16712,1370,1124,13989,3127,2723,2494,14144,2484,13855,4225,87.0,7.1,5.9,72.8,16.3,14.2,13.0,83.7,18.7,16.3,84.6,14.9,82.9,25.3,69.6,18.9,40408,36436,1697,2275,29414,7088,7022,3972,N/A,N/A,N/A,N/A,90.2,4.2,5.6,72.8,17.5,17.4,9.8,80.7,19.5,19.3,N/A,N/A,N/A,N/A,63.8,19.9,40098,36256,1875,1967,29703,6595,6553,3842,N/A,N/A,N/A,N/A,90.4,4.7,4.9,74.1,16.4,16.3,9.6,81.9,18.2,18.1,N/A,N/A,N/A,N/A,61.1,19.9,40972,37009,1550,2413,29551,6675,7458,3963,N/A,N/A,N/A,N/A,90.3,3.8,5.9,72.1,16.3,18.2,9.7,79.8,18.0,20.2,N/A,N/A,N/A,N/A,56.2,20.1,42369,38161,1973,2235,30799,6480,7362,4208,N/A,N/A,N/A,N/A,90.1,4.7,5.3,72.7,15.3,17.4,9.9,80.7,17.0,19.3,N/A,N/A,N/A,N/A,56.9,20.4,973,924,17,32,810,217,114,49,830,163,802,286,95.0,1.7,3.3,83.2,22.3,11.7,5.0,87.7,23.5,12.3,89.8,17.6,86.8,31.0,72.8,17.8,1082,1032,15,35,923,291,109,50,N/A,N/A,N/A,N/A,95.4,1.4,3.2,85.3,26.9,10.1,4.6,89.4,28.2,10.6,N/A,N/A,N/A,N/A,69.6,17.9,1081,1024,14,43,940,267,84,57,N/A,N/A,N/A,N/A,94.7,1.3,4.0,87.0,24.7,7.8,5.3,91.8,26.1,8.2,N/A,N/A,N/A,N/A,67.4,17.2,1077,1028,13,36,891,260,137,49,N/A,N/A,N/A,N/A,95.5,1.2,3.3,82.7,24.1,12.7,4.5,86.7,25.3,13.3,N/A,N/A,N/A,N/A,61.4,19.5,1072,1017,10,45,904,212,113,55,N/A,N/A,N/A,N/A,94.9,0.9,4.2,84.3,19.8,10.5,5.1,88.9,20.8,11.1,N/A,N/A,N/A,N/A,61.5,18.8
Mathematics 6,002,All Students Writing,21903,20488,360,1055,N/A,N/A,N/A,N/A,N/A,N/A,N/A,N/A,93.5,1.6,4.8,N/A,N/A,N/A,N/A,N/A,N/A,N/A,N/A,N/A,N/A,N/A,64.0,18.6,N/A,N/A,N/A,N/A,N/A,N/A,N/A,N/A,N/A,N/A,N/A,N/A,N/A,N/A,N/A,N/A,N/A,N/A,N/A,N/A,N/A,N/A,N/A,N/A,N/A,N/A,N/A,N/A,N/A,N/A,N/A,N/A,N/A,N/A,N/A,N/A,N/A,N/A,N/A,N/A,N/A,N/A,N/A,N/A,N/A,N/A,N/A,N/A,N/A,N/A,N/A,N/A,N/A,N/A,N/A,N/A,N/A,N/A,N/A,N/A,N/A,N/A,N/A,N/A,N/A,N/A,N/A,N/A,N/A,N/A,N/A,N/A,N/A,N/A,N/A,N/A,N/A,N/A,N/A,N/A,N/A,N/A,N/A,N/A,N/A,N/A,N/A,N/A,N/A,N/A,N/A,N/A,N/A,N/A,N/A,N/A,N/A,N/A,N/A,N/A,N/A,N/A,N/A,N/A,N/A,N/A,N/A,N/A,N/A,N/A,N/A,N/A,115,105,1,9,N/A,N/A,N/A,N/A,N/A,N/A,N/A,N/A,91.3,0.9,7.8,N/A,N/A,N/A,N/A,N/A,N/A,N/A,N/A,N/A,N/A,N/A,72.6,16.1,N/A,N/A,N/A,N/A,N/A,N/A,N/A,N/A,N/A,N/A,N/A,N/A,N/A,N/A,N/A,N/A,N/A,N/A,N/A,N/A,N/A,N/A,N/A,N/A,N/A,N/A,N/A,N/A,N/A,N/A,N/A,N/A,N/A,N/A,N/A,N/A,N/A,N/A,N/A,N/A,N/A,N/A,N/A,N/A,N/A,N/A,N/A,N/A,N/A,N/A,N/A,N/A,N/A,N/A,N/A,N/A,N/A,N/A,N/A,N/A,N/A,N/A,N/A,N/A,N/A,N/A,N/A,N/A,N/A,N/A,N/A,N/A,N/A,N/A,N/A,N/A,N/A,N/A,N/A,N/A,N/A,N/A,N/A,N/A,N/A,N/A,N/A,N/A,N/A,N/A,N/A,N/A,N/A,N/A,N/A,N/A,N/A,N/A,N/A,N/A,N/A,N/A,N/A,N/A,N/A,N/A,N/A,N/A,N/A,N/A,N/A,N/A
Mathematics 6,002,Written in English,21366,19957,355,1054,N/A,N/A,N/A,N/A,N/A,N/A,N/A,N/A,93.4,1.7,4.9,N/A,N/A,N/A,N/A,N/A,N/A,N/A,N/A,N/A,N/A,N/A,64.0,18.6,N/A,N/A,N/A,N/A,N/A,N/A,N/A,N/A,N/A,N/A,N/A,N/A,N/A,N/A,N/A,N/A,N/A,N/A,N/A,N/A,N/A,N/A,N/A,N/A,N/A,N/A,N/A,N/A,N/A,N/A,N/A,N/A,N/A,N/A,N/A,N/A,N/A,N/A,N/A,N/A,N/A,N/A,N/A,N/A,N/A,N/A,N/A,N/A,N/A,N/A,N/A,N/A,N/A,N/A,N/A,N/A,N/A,N/A,N/A,N/A,N/A,N/A,N/A,N/A,N/A,N/A,N/A,N/A,N/A,N/A,N/A,N/A,N/A,N/A,N/A,N/A,N/A,N/A,N/A,N/A,N/A,N/A,N/A,N/A,N/A,N/A,N/A,N/A,N/A,N/A,N/A,N/A,N/A,N/A,N/A,N/A,N/A,N/A,N/A,N/A,N/A,N/A,N/A,N/A,N/A,N/A,N/A,N/A,N/A,N/A,N/A,N/A,115,105,1,9,N/A,N/A,N/A,N/A,N/A,N/A,N/A,N/A,91.3,0.9,7.8,N/A,N/A,N/A,N/A,N/A,N/A,N/A,N/A,N/A,N/A,N/A,72.6,16.1,N/A,N/A,N/A,N/A,N/A,N/A,N/A,N/A,N/A,N/A,N/A,N/A,N/A,N/A,N/A,N/A,N/A,N/A,N/A,N/A,N/A,N/A,N/A,N/A,N/A,N/A,N/A,N/A,N/A,N/A,N/A,N/A,N/A,N/A,N/A,N/A,N/A,N/A,N/A,N/A,N/A,N/A,N/A,N/A,N/A,N/A,N/A,N/A,N/A,N/A,N/A,N/A,N/A,N/A,N/A,N/A,N/A,N/A,N/A,N/A,N/A,N/A,N/A,N/A,N/A,N/A,N/A,N/A,N/A,N/A,N/A,N/A,N/A,N/A,N/A,N/A,N/A,N/A,N/A,N/A,N/A,N/A,N/A,N/A,N/A,N/A,N/A,N/A,N/A,N/A,N/A,N/A,N/A,N/A,N/A,N/A,N/A,N/A,N/A,N/A,N/A,N/A,N/A,N/A,N/A,N/A,N/A,N/A,N/A,N/A,N/A,N/A
Mathematics 6 (Fr),001,Written in French,2374,2338,30,6,2055,447,283,36,2054,292,2029,673,98.5,1.3,0.3,86.6,18.8,11.9,1.5,87.9,19.1,12.1,87.9,12.5,86.8,28.8,71.3,17.4,3090,3042,28,20,2643,662,399,48,N/A,N/A,N/A,N/A,98.4,0.9,0.6,85.5,21.4,12.9,1.6,86.9,21.8,13.1,N/A,N/A,N/A,N/A,66.9,17.9,3037,2986,40,11,2545,583,441,51,N/A,N/A,N/A,N/A,98.3,1.3,0.4,83.8,19.2,14.5,1.7,85.2,19.5,14.8,N/A,N/A,N/A,N/A,62.8,18.7,3084,3038,23,23,2628,572,410,46,N/A,N/A,N/A,N/A,98.5,0.7,0.7,85.2,18.5,13.3,1.5,86.5,18.8,13.5,N/A,N/A,N/A,N/A,58.4,18.4,3248,3195,32,21,2726,539,469,53,N/A,N/A,N/A,N/A,98.4,1.0,0.6,83.9,16.6,14.4,1.6,85.3,16.9,14.7,N/A,N/A,N/A,N/A,58.6,19.0,70,68,2,0,54,5,14,2,55,6,56,12,97.1,2.9,0.0,77.1,7.1,20.0,2.9,79.4,7.4,20.6,80.9,8.8,82.4,17.6,66.9,17.6,72,71,0,1,61,15,10,1,N/A,N/A,N/A,N/A,98.6,0.0,1.4,84.7,20.8,13.9,1.4,85.9,21.1,14.1,N/A,N/A,N/A,N/A,66.3,17.7,84,84,0,0,69,13,15,0,N/A,N/A,N/A,N/A,100.0,0.0,0.0,82.1,15.5,17.9,0.0,82.1,15.5,17.9,N/A,N/A,N/A,N/A,59.5,18.2,82,80,1,1,59,9,21,2,N/A,N/A,N/A,N/A,97.6,1.2,1.2,72.0,11.0,25.6,2.4,73.8,11.3,26.3,N/A,N/A,N/A,N/A,53.3,18.4,104,103,1,0,81,11,22,1,N/A,N/A,N/A,N/A,99.0,1.0,0.0,77.9,10.6,21.2,1.0,78.6,10.7,21.4,N/A,N/A,N/A,N/A,54.0,18.5
Science 6,001,All Students Writing,43449,39311,1821,2317,33355,11494,5956,4138,35560,13527,31343,12405,90.5,4.2,5.3,76.8,26.5,13.7,9.5,84.8,29.2,15.2,90.5,34.4,79.7,31.6,65.8,17.0,43399,39262,1774,2363,33091,10859,6171,4137,34950,14483,31235,10858,90.5,4.1,5.4,76.2,25.0,14.2,9.5,84.3,27.7,15.7,89.0,36.9,79.6,27.7,68.3,17.7,43038,39102,2016,1920,33508,12125,5594,3936,35515,14573,31201,12620,90.9,4.7,4.5,77.9,28.2,13.0,9.1,85.7,31.0,14.3,90.8,37.3,79.8,32.3,69.6,17.6,44105,40089,1642,2374,34181,11416,5908,4016,36181,14040,32277,11417,90.9,3.7,5.4,77.5,25.9,13.4,9.1,85.3,28.5,14.7,90.3,35.0,80.5,28.5,66.0,18.3,45608,41129,2118,2361,34619,11351,6510,4479,36669,13347,32943,11967,90.2,4.6,5.2,75.9,24.9,14.3,9.8,84.2,27.6,15.8,89.2,32.5,80.1,29.1,65.4,18.6,1157,1097,23,37,986,414,111,60,1029,484,938,431,94.8,2.0,3.2,85.2,35.8,9.6,5.2,89.9,37.7,10.1,93.8,44.1,85.5,39.3,69.8,16.5,1154,1103,16,35,1020,438,83,51,1044,537,989,429,95.6,1.4,3.0,88.4,38.0,7.2,4.4,92.5,39.7,7.5,94.7,48.7,89.7,38.9,74.2,15.8,1165,1112,15,38,1038,477,74,53,1065,554,986,480,95.5,1.3,3.3,89.1,40.9,6.4,4.5,93.3,42.9,6.7,95.8,49.8,88.7,43.2,75.4,15.3,1159,1109,15,35,1006,403,103,50,1051,472,958,391,95.7,1.3,3.0,86.8,34.8,8.9,4.3,90.7,36.3,9.3,94.8,42.6,86.4,35.3,70.4,17.0,1176,1111,21,44,1025,416,86,65,1045,467,986,436,94.5,1.8,3.7,87.2,35.4,7.3,5.5,92.3,37.4,7.7,94.1,42.0,88.7,39.2,70.8,16.9
Science 6,001,Written in English,40541,36446,1788,2307,31044,10962,5402,4095,33030,12832,29200,11855,89.9,4.4,5.7,76.6,27.0,13.3,10.1,85.2,30.1,14.8,90.6,35.2,80.1,32.5,66.1,17.0,40312,36230,1741,2341,30525,10172,5705,4082,32234,13486,28815,10192,89.9,4.3,5.8,75.7,25.2,14.2,10.1,84.3,28.1,15.7,89.0,37.2,79.5,28.1,68.3,17.8,39996,36108,1980,1908,30975,11390,5133,3888,32826,13673,28861,11812,90.3,5.0,4.8,77.4,28.5,12.8,9.7,85.8,31.5,14.2,90.9,37.9,79.9,32.7,69.7,17.6,41012,37045,1613,2354,31626,10765,5419,3967,33445,13152,29933,10798,90.3,3.9,5.7,77.1,26.2,13.2,9.7,85.4,29.1,14.6,90.3,35.5,80.8,29.1,66.2,18.3,42354,37928,2081,2345,31927,10722,6001,4426,33834,12482,30394,11351,89.5,4.9,5.5,75.4,25.3,14.2,10.5,84.2,28.3,15.8,89.2,32.9,80.1,29.9,65.7,18.6,1089,1029,23,37,939,405,90,60,974,468,892,422,94.5,2.1,3.4,86.2,37.2,8.3,5.5,91.3,39.4,8.7,94.7,45.5,86.7,41.0,70.5,16.2,1082,1032,16,34,956,422,76,50,979,514,927,412,95.4,1.5,3.1,88.4,39.0,7.0,4.6,92.6,40.9,7.4,94.9,49.8,89.8,39.9,74.4,15.9,1081,1028,15,38,969,456,59,53,992,529,925,456,95.1,1.4,3.5,89.6,42.2,5.5,4.9,94.3,44.4,5.7,96.5,51.5,90.0,44.4,76.0,14.8,1077,1029,14,34,943,395,86,48,984,458,898,385,95.5,1.3,3.2,87.6,36.7,8.0,4.5,91.6,38.4,8.4,95.6,44.5,87.3,37.4,71.3,16.8,1072,1009,19,44,943,400,66,63,957,441,911,420,94.1,1.8,4.1,88.0,37.3,6.2,5.9,93.5,39.6,6.5,94.8,43.7,90.3,41.6,71.9,16.5
Science 6 (Fr),001,Written in French,2908,2865,33,10,2311,532,554,43,2530,695,2143,550,98.5,1.1,0.3,79.5,18.3,19.1,1.5,80.7,18.6,19.3,88.3,24.3,74.8,19.2,62.5,16.5,3087,3032,33,22,2566,687,466,55,2716,997,2420,666,98.2,1.1,0.7,83.1,22.3,15.1,1.8,84.6,22.7,15.4,89.6,32.9,79.8,22.0,68.1,17.3,3042,2994,36,12,2533,735,461,48,2689,900,2340,808,98.4,1.2,0.4,83.3,24.2,15.2,1.6,84.6,24.5,15.4,89.8,30.1,78.2,27.0,67.5,16.9,3093,3044,29,20,2555,651,489,49,2736,888,2344,619,98.4,0.9,0.6,82.6,21.0,15.8,1.6,83.9,21.4,16.1,89.9,29.2,77.0,20.3,63.2,17.5,3254,3201,37,16,2692,629,509,53,2835,865,2549,616,98.4,1.1,0.5,82.7,19.3,15.6,1.6,84.1,19.7,15.9,88.6,27.0,79.6,19.2,62.0,17.6,68,68,0,0,47,9,21,0,55,16,46,9,100.0,0.0,0.0,69.1,13.2,30.9,0.0,69.1,13.2,30.9,80.9,23.5,67.6,13.2,58.5,17.3,72,71,0,1,64,16,7,1,65,23,62,17,98.6,0.0,1.4,88.9,22.2,9.7,1.4,90.1,22.5,9.9,91.5,32.4,87.3,23.9,70.5,14.1,84,84,0,0,69,21,15,0,73,25,61,24,100.0,0.0,0.0,82.1,25.0,17.9,0.0,82.1,25.0,17.9,86.9,29.8,72.6,28.6,66.8,17.8,82,80,1,1,63,8,17,2,67,14,60,6,97.6,1.2,1.2,76.8,9.8,20.7,2.4,78.8,10.0,21.3,83.8,17.5,75.0,7.5,58.7,15.8,104,102,2,0,82,16,20,2,88,26,75,16,98.1,1.9,0.0,78.8,15.4,19.2,1.9,80.4,15.7,19.6,86.3,25.5,73.5,15.7,60.7,18.3
Social Studies 6,001,All Students Writing,43540,39339,1821,2380,30934,7151,8405,4201,N/A,N/A,N/A,N/A,90.4,4.2,5.5,71.0,16.4,19.3,9.6,78.6,18.2,21.4,N/A,N/A,N/A,N/A,67.6,18.5,43495,39368,1771,2356,30951,8063,8417,4127,N/A,N/A,N/A,N/A,90.5,4.1,5.4,71.2,18.5,19.4,9.5,78.6,20.5,21.4,N/A,N/A,N/A,N/A,68.4,18.2,43135,39126,2035,1974,31578,8403,7548,4009,N/A,N/A,N/A,N/A,90.7,4.7,4.6,73.2,19.5,17.5,9.3,80.7,21.5,19.3,N/A,N/A,N/A,N/A,65.3,17.6,43880,39541,1934,2405,31895,8354,7646,4339,N/A,N/A,N/A,N/A,90.1,4.4,5.5,72.7,19.0,17.4,9.9,80.7,21.1,19.3,N/A,N/A,N/A,N/A,64.2,18.2,45593,40832,2332,2429,32120,7581,8712,4761,N/A,N/A,N/A,N/A,89.6,5.1,5.3,70.4,16.6,19.1,10.4,78.7,18.6,21.3,N/A,N/A,N/A,N/A,64.8,18.6,1158,1098,21,39,907,249,191,60,N/A,N/A,N/A,N/A,94.8,1.8,3.4,78.3,21.5,16.5,5.2,82.6,22.7,17.4,N/A,N/A,N/A,N/A,70.3,17.9,1154,1104,15,35,955,310,149,50,N/A,N/A,N/A,N/A,95.7,1.3,3.0,82.8,26.9,12.9,4.3,86.5,28.1,13.5,N/A,N/A,N/A,N/A,73.1,16.5,1165,1113,12,40,977,292,136,52,N/A,N/A,N/A,N/A,95.5,1.0,3.4,83.9,25.1,11.7,4.5,87.8,26.2,12.2,N/A,N/A,N/A,N/A,68.8,16.1,1159,1100,21,38,974,278,126,59,N/A,N/A,N/A,N/A,94.9,1.8,3.3,84.0,24.0,10.9,5.1,88.5,25.3,11.5,N/A,N/A,N/A,N/A,68.1,16.8,1176,1104,26,46,942,266,162,72,N/A,N/A,N/A,N/A,93.9,2.2,3.9,80.1,22.6,13.8,6.1,85.3,24.1,14.7,N/A,N/A,N/A,N/A,68.8,17.9
Social Studies 6,001,Written in English,40650,36494,1791,2365,28843,6805,7651,4156,N/A,N/A,N/A,N/A,89.8,4.4,5.8,71.0,16.7,18.8,10.2,79.0,18.6,21.0,N/A,N/A,N/A,N/A,67.9,18.5,40420,36339,1744,2337,28685,7670,7654,4081,N/A,N/A,N/A,N/A,89.9,4.3,5.8,71.0,19.0,18.9,10.1,78.9,21.1,21.1,N/A,N/A,N/A,N/A,68.7,18.3,40128,36159,2008,1961,29277,8092,6882,3969,N/A,N/A,N/A,N/A,90.1,5.0,4.9,73.0,20.2,17.2,9.9,81.0,22.4,19.0,N/A,N/A,N/A,N/A,65.7,17.7,40887,36607,1897,2383,29541,7903,7066,4280,N/A,N/A,N/A,N/A,89.5,4.6,5.8,72.3,19.3,17.3,10.5,80.7,21.6,19.3,N/A,N/A,N/A,N/A,64.4,18.3,42356,37651,2295,2410,29730,7228,7921,4705,N/A,N/A,N/A,N/A,88.9,5.4,5.7,70.2,17.1,18.7,11.1,79.0,19.2,21.0,N/A,N/A,N/A,N/A,65.1,18.7,1089,1030,20,39,864,244,166,59,N/A,N/A,N/A,N/A,94.6,1.8,3.6,79.3,22.4,15.2,5.4,83.9,23.7,16.1,N/A,N/A,N/A,N/A,71.1,17.7,1082,1033,15,34,895,298,138,49,N/A,N/A,N/A,N/A,95.5,1.4,3.1,82.7,27.5,12.8,4.5,86.6,28.8,13.4,N/A,N/A,N/A,N/A,73.4,16.5,1081,1029,12,40,913,283,116,52,N/A,N/A,N/A,N/A,95.2,1.1,3.7,84.5,26.2,10.7,4.8,88.7,27.5,11.3,N/A,N/A,N/A,N/A,69.6,15.8,1077,1022,18,37,915,273,107,55,N/A,N/A,N/A,N/A,94.9,1.7,3.4,85.0,25.3,9.9,5.1,89.5,26.7,10.5,N/A,N/A,N/A,N/A,68.9,16.7,1072,1002,24,46,873,262,129,70,N/A,N/A,N/A,N/A,93.5,2.2,4.3,81.4,24.4,12.0,6.5,87.1,26.1,12.9,N/A,N/A,N/A,N/A,70.2,17.3
Social Studies (Fr) 6,001,Written in French,2890,2845,30,15,2091,346,754,45,N/A,N/A,N/A,N/A,98.4,1.0,0.5,72.4,12.0,26.1,1.6,73.5,12.2,26.5,N/A,N/A,N/A,N/A,63.8,17.9,3075,3029,27,19,2266,393,763,46,N/A,N/A,N/A,N/A,98.5,0.9,0.6,73.7,12.8,24.8,1.5,74.8,13.0,25.2,N/A,N/A,N/A,N/A,65.3,17.4,3007,2967,27,13,2301,311,666,40,N/A,N/A,N/A,N/A,98.7,0.9,0.4,76.5,10.3,22.1,1.3,77.6,10.5,22.4,N/A,N/A,N/A,N/A,61.3,15.7,2993,2934,37,22,2354,451,580,59,N/A,N/A,N/A,N/A,98.0,1.2,0.7,78.7,15.1,19.4,2.0,80.2,15.4,19.8,N/A,N/A,N/A,N/A,62.3,16.8,3237,3181,37,19,2390,353,791,56,N/A,N/A,N/A,N/A,98.3,1.1,0.6,73.8,10.9,24.4,1.7,75.1,11.1,24.9,N/A,N/A,N/A,N/A,61.3,17.4,69,68,1,0,43,5,25,1,N/A,N/A,N/A,N/A,98.6,1.4,0.0,62.3,7.2,36.2,1.4,63.2,7.4,36.8,N/A,N/A,N/A,N/A,58.7,17.9,72,71,0,1,60,12,11,1,N/A,N/A,N/A,N/A,98.6,0.0,1.4,83.3,16.7,15.3,1.4,84.5,16.9,15.5,N/A,N/A,N/A,N/A,69.4,16.5,84,84,0,0,64,9,20,0,N/A,N/A,N/A,N/A,100.0,0.0,0.0,76.2,10.7,23.8,0.0,76.2,10.7,23.8,N/A,N/A,N/A,N/A,59.5,17.3,82,78,3,1,59,5,19,4,N/A,N/A,N/A,N/A,95.1,3.7,1.2,72.0,6.1,23.2,4.9,75.6,6.4,24.4,N/A,N/A,N/A,N/A,58.3,15.4,104,102,2,0,69,4,33,2,N/A,N/A,N/A,N/A,98.1,1.9,0.0,66.3,3.8,31.7,1.9,67.6,3.9,32.4,N/A,N/A,N/A,N/A,55.3,17.5
English Language Arts 9,001,Written in English,43644,39173,2269,2202,34624,6530,4549,4471,36249,8160,32195,8089,89.8,5.2,5.0,79.3,15.0,10.4,10.2,88.4,16.7,11.6,92.5,20.8,82.2,20.6,65.7,13.7,43014,38242,2639,2133,34016,7032,4226,4772,35850,9285,31424,7756,88.9,6.1,5.0,79.1,16.3,9.8,11.1,88.9,18.4,11.1,93.7,24.3,82.2,20.3,67.3,13.8,42296,37589,2707,2000,32752,6928,4837,4707,34799,9156,30193,7553,88.9,6.4,4.7,77.4,16.4,11.4,11.1,87.1,18.4,12.9,92.6,24.4,80.3,20.1,67.1,14.8,28120,24613,2219,1288,21471,4137,3142,3507,22873,5373,19594,4877,87.5,7.9,4.6,76.4,14.7,11.2,12.5,87.2,16.8,12.8,92.9,21.8,79.6,19.8,65.8,14.5,43760,38656,3154,1950,33401,6587,5255,5104,35710,8071,30371,8137,88.3,7.2,4.5,76.3,15.1,12.0,11.7,86.4,17.0,13.6,92.4,20.9,78.6,21.0,66.5,14.0,1268,1193,39,36,1115,261,78,75,1133,305,1049,313,94.1,3.1,2.8,87.9,20.6,6.2,5.9,93.5,21.9,6.5,95.0,25.6,87.9,26.2,68.6,12.8,1310,1247,28,35,1148,260,99,63,1197,308,1065,290,95.2,2.1,2.7,87.6,19.8,7.6,4.8,92.1,20.9,7.9,96.0,24.7,85.4,23.3,68.9,13.3,1177,1114,22,41,1026,237,88,63,1066,288,954,253,94.6,1.9,3.5,87.2,20.1,7.5,5.4,92.1,21.3,7.9,95.7,25.9,85.6,22.7,69.1,13.6,1214,1157,19,38,1048,224,109,57,1112,262,957,267,95.3,1.6,3.1,86.3,18.5,9.0,4.7,90.6,19.4,9.4,96.1,22.6,82.7,23.1,67.7,13.6,1179,1115,33,31,1023,233,92,64,1070,281,923,262,94.6,2.8,2.6,86.8,19.8,7.8,5.4,91.7,20.9,8.3,96.0,25.2,82.8,23.5,68.7,13.1
French Language Arts 9,001,Written in French,2403,2354,37,12,2069,299,285,49,2174,446,1897,308,98.0,1.5,0.5,86.1,12.4,11.9,2.0,87.9,12.7,12.1,92.4,18.9,80.6,13.1,68.7,12.4,2331,2260,62,9,2070,349,190,71,2178,544,1881,317,97.0,2.7,0.4,88.8,15.0,8.2,3.0,91.6,15.4,8.4,96.4,24.1,83.2,14.0,70.6,11.8,2344,2283,52,9,2051,287,232,61,2117,419,1932,338,97.4,2.2,0.4,87.5,12.2,9.9,2.6,89.8,12.6,10.2,92.7,18.4,84.6,14.8,69.0,12.2,2485,2413,67,5,2168,345,245,72,2308,508,1977,293,97.1,2.7,0.2,87.2,13.9,9.9,2.9,89.8,14.3,10.2,95.6,21.1,81.9,12.1,69.6,12.2,2658,2574,69,15,2298,296,276,84,2435,429,2160,273,96.8,2.6,0.6,86.5,11.1,10.4,3.2,89.3,11.5,10.7,94.6,16.7,83.9,10.6,69.2,12.0,57,56,1,0,53,6,3,1,52,13,48,9,98.2,1.8,0.0,93.0,10.5,5.3,1.8,94.6,10.7,5.4,92.9,23.2,85.7,16.1,70.4,12.0,49,49,0,0,44,3,5,0,46,5,37,4,100.0,0.0,0.0,89.8,6.1,10.2,0.0,89.8,6.1,10.2,93.9,10.2,75.5,8.2,67.2,10.5,38,36,2,0,34,0,2,2,36,2,32,3,94.7,5.3,0.0,89.5,0.0,5.3,5.3,94.4,0.0,5.6,100.0,5.6,88.9,8.3,68.3,8.9,49,49,0,0,42,6,7,0,42,6,44,7,100.0,0.0,0.0,85.7,12.2,14.3,0.0,85.7,12.2,14.3,85.7,12.2,89.8,14.3,68.8,11.4,50,49,1,0,44,4,5,1,45,6,43,7,98.0,2.0,0.0,88.0,8.0,10.0,2.0,89.8,8.2,10.2,91.8,12.2,87.8,14.3,69.1,13.1
English Lang Arts 9 KAE,001,Written in English,1584,1302,189,93,1057,123,245,282,1022,116,1019,277,82.2,11.9,5.9,66.7,7.8,15.5,17.8,81.2,9.4,18.8,78.5,8.9,78.3,21.3,63.5,12.9,1605,1313,203,89,1080,127,233,292,1033,95,1089,279,81.8,12.6,5.5,67.3,7.9,14.5,18.2,82.3,9.7,17.7,78.7,7.2,82.9,21.2,64.7,13.0,1652,1325,232,95,1015,95,310,327,953,67,1021,237,80.2,14.0,5.8,61.4,5.8,18.8,19.8,76.6,7.2,23.4,71.9,5.1,77.1,17.9,61.6,14.1,1452,1169,218,65,906,63,263,283,809,33,914,228,80.5,15.0,4.5,62.4,4.3,18.1,19.5,77.5,5.4,22.5,69.2,2.8,78.2,19.5,62.4,13.0,1524,1223,240,61,959,54,264,301,889,24,963,231,80.2,15.7,4.0,62.9,3.5,17.3,19.8,78.4,4.4,21.6,72.7,2.0,78.7,18.9,63.5,13.0,43,36,3,4,34,4,2,7,33,5,35,14,83.7,7.0,9.3,79.1,9.3,4.7,16.3,94.4,11.1,5.6,91.7,13.9,97.2,38.9,69.3,10.1,30,29,1,0,27,2,2,1,25,0,28,9,96.7,3.3,0.0,90.0,6.7,6.7,3.3,93.1,6.9,6.9,86.2,0.0,96.6,31.0,68.7,10.8,28,27,1,0,24,4,3,1,24,2,25,8,96.4,3.6,0.0,85.7,14.3,10.7,3.6,88.9,14.8,11.1,88.9,7.4,92.6,29.6,70.8,11.3,24,23,1,0,18,2,5,1,19,1,16,6,95.8,4.2,0.0,75.0,8.3,20.8,4.2,78.3,8.7,21.7,82.6,4.3,69.6,26.1,62.0,14.1,28,26,2,0,21,1,5,2,22,1,22,3,92.9,7.1,0.0,75.0,3.6,17.9,7.1,80.8,3.8,19.2,84.6,3.8,84.6,11.5,66.8,11.4
Mathematics 9,001,All Students Writing,21706,18837,1661,1208,14406,4303,4431,2869,15611,4899,13998,4705,86.8,7.7,5.6,66.4,19.8,20.4,13.2,76.5,22.8,23.5,82.9,26.0,74.3,25.0,62.5,22.2,42529,38054,2441,2034,28125,7375,9929,4475,N/A,N/A,N/A,N/A,89.5,5.7,4.8,66.1,17.3,23.3,10.5,73.9,19.4,26.1,N/A,N/A,N/A,N/A,66.9,20.4,41895,37589,2531,1775,27846,7466,9743,4306,N/A,N/A,N/A,N/A,89.7,6.0,4.2,66.5,17.8,23.3,10.3,74.1,19.9,25.9,N/A,N/A,N/A,N/A,57.7,19.9,28137,24859,1706,1572,18713,5115,6146,3278,N/A,N/A,N/A,N/A,88.3,6.1,5.6,66.5,18.2,21.8,11.7,75.3,20.6,24.7,N/A,N/A,N/A,N/A,60.2,19.9,43279,38586,2617,2076,29035,7481,9551,4693,N/A,N/A,N/A,N/A,89.2,6.0,4.8,67.1,17.3,22.1,10.8,75.2,19.4,24.8,N/A,N/A,N/A,N/A,59.9,19.7,1003,950,33,20,774,231,176,53,830,292,743,236,94.7,3.3,2.0,77.2,23.0,17.5,5.3,81.5,24.3,18.5,87.4,30.7,78.2,24.8,64.6,21.0,1307,1242,32,33,944,259,298,65,N/A,N/A,N/A,N/A,95.0,2.4,2.5,72.2,19.8,22.8,5.0,76.0,20.9,24.0,N/A,N/A,N/A,N/A,67.9,19.6,1170,1112,14,44,890,267,222,58,N/A,N/A,N/A,N/A,95.0,1.2,3.8,76.1,22.8,19.0,5.0,80.0,24.0,20.0,N/A,N/A,N/A,N/A,60.8,19.4,1202,1147,17,38,887,248,260,55,N/A,N/A,N/A,N/A,95.4,1.4,3.2,73.8,20.6,21.6,4.6,77.3,21.6,22.7,N/A,N/A,N/A,N/A,61.7,19.6,1173,1109,23,41,898,255,211,64,N/A,N/A,N/A,N/A,94.5,2.0,3.5,76.6,21.7,18.0,5.5,81.0,23.0,19.0,N/A,N/A,N/A,N/A,63.0,18.9
Mathematics 9,001,Written in English,19414,16585,1639,1190,12437,3693,4148,2829,13608,4282,12041,3994,85.4,8.4,6.1,64.1,19.0,21.4,14.6,75.0,22.3,25.0,82.1,25.8,72.6,24.1,61.6,22.5,40062,35632,2412,2018,26083,6886,9549,4430,N/A,N/A,N/A,N/A,88.9,6.0,5.0,65.1,17.2,23.8,11.1,73.2,19.3,26.8,N/A,N/A,N/A,N/A,66.6,20.6,39407,35145,2502,1760,25743,6916,9402,4262,N/A,N/A,N/A,N/A,89.2,6.3,4.5,65.3,17.6,23.9,10.8,73.2,19.7,26.8,N/A,N/A,N/A,N/A,57.4,20.0,26627,23387,1677,1563,17453,4786,5934,3240,N/A,N/A,N/A,N/A,87.8,6.3,5.9,65.5,18.0,22.3,12.2,74.6,20.5,25.4,N/A,N/A,N/A,N/A,60.0,20.0,40439,35822,2569,2048,26639,6842,9183,4617,N/A,N/A,N/A,N/A,88.6,6.4,5.1,65.9,16.9,22.7,11.4,74.4,19.1,25.6,N/A,N/A,N/A,N/A,59.5,19.8,950,897,33,20,727,219,170,53,781,279,696,222,94.4,3.5,2.1,76.5,23.1,17.9,5.6,81.0,24.4,19.0,87.1,31.1,77.6,24.7,64.4,21.2,1258,1193,32,33,905,250,288,65,N/A,N/A,N/A,N/A,94.8,2.5,2.6,71.9,19.9,22.9,5.2,75.9,21.0,24.1,N/A,N/A,N/A,N/A,67.8,19.7,1133,1075,14,44,862,260,213,58,N/A,N/A,N/A,N/A,94.9,1.2,3.9,76.1,22.9,18.8,5.1,80.2,24.2,19.8,N/A,N/A,N/A,N/A,60.8,19.5,1153,1098,17,38,847,236,251,55,N/A,N/A,N/A,N/A,95.2,1.5,3.3,73.5,20.5,21.8,4.8,77.1,21.5,22.9,N/A,N/A,N/A,N/A,61.7,19.6,1122,1060,22,40,854,241,206,62,N/A,N/A,N/A,N/A,94.5,2.0,3.6,76.1,21.5,18.4,5.5,80.6,22.7,19.4,N/A,N/A,N/A,N/A,62.7,18.9
Mathematics 9,002,All Students Writing,21414,19782,624,1008,N/A,N/A,N/A,N/A,N/A,N/A,N/A,N/A,92.4,2.9,4.7,N/A,N/A,N/A,N/A,N/A,N/A,N/A,N/A,N/A,N/A,N/A,57.7,20.3,N/A,N/A,N/A,N/A,N/A,N/A,N/A,N/A,N/A,N/A,N/A,N/A,N/A,N/A,N/A,N/A,N/A,N/A,N/A,N/A,N/A,N/A,N/A,N/A,N/A,N/A,N/A,N/A,N/A,N/A,N/A,N/A,N/A,N/A,N/A,N/A,N/A,N/A,N/A,N/A,N/A,N/A,N/A,N/A,N/A,N/A,N/A,N/A,N/A,N/A,N/A,N/A,N/A,N/A,N/A,N/A,N/A,N/A,N/A,N/A,N/A,N/A,N/A,N/A,N/A,N/A,N/A,N/A,N/A,N/A,N/A,N/A,N/A,N/A,N/A,N/A,N/A,N/A,N/A,N/A,N/A,N/A,N/A,N/A,N/A,N/A,N/A,N/A,N/A,N/A,N/A,N/A,N/A,N/A,N/A,N/A,N/A,N/A,N/A,N/A,N/A,N/A,N/A,N/A,N/A,N/A,N/A,N/A,N/A,N/A,N/A,N/A,246,227,5,14,N/A,N/A,N/A,N/A,N/A,N/A,N/A,N/A,92.3,2.0,5.7,N/A,N/A,N/A,N/A,N/A,N/A,N/A,N/A,N/A,N/A,N/A,60.2,17.1,N/A,N/A,N/A,N/A,N/A,N/A,N/A,N/A,N/A,N/A,N/A,N/A,N/A,N/A,N/A,N/A,N/A,N/A,N/A,N/A,N/A,N/A,N/A,N/A,N/A,N/A,N/A,N/A,N/A,N/A,N/A,N/A,N/A,N/A,N/A,N/A,N/A,N/A,N/A,N/A,N/A,N/A,N/A,N/A,N/A,N/A,N/A,N/A,N/A,N/A,N/A,N/A,N/A,N/A,N/A,N/A,N/A,N/A,N/A,N/A,N/A,N/A,N/A,N/A,N/A,N/A,N/A,N/A,N/A,N/A,N/A,N/A,N/A,N/A,N/A,N/A,N/A,N/A,N/A,N/A,N/A,N/A,N/A,N/A,N/A,N/A,N/A,N/A,N/A,N/A,N/A,N/A,N/A,N/A,N/A,N/A,N/A,N/A,N/A,N/A,N/A,N/A,N/A,N/A,N/A,N/A,N/A,N/A,N/A,N/A,N/A,N/A
Mathematics 9,002,Written in English,21181,19553,620,1008,N/A,N/A,N/A,N/A,N/A,N/A,N/A,N/A,92.3,2.9,4.8,N/A,N/A,N/A,N/A,N/A,N/A,N/A,N/A,N/A,N/A,N/A,57.6,20.3,N/A,N/A,N/A,N/A,N/A,N/A,N/A,N/A,N/A,N/A,N/A,N/A,N/A,N/A,N/A,N/A,N/A,N/A,N/A,N/A,N/A,N/A,N/A,N/A,N/A,N/A,N/A,N/A,N/A,N/A,N/A,N/A,N/A,N/A,N/A,N/A,N/A,N/A,N/A,N/A,N/A,N/A,N/A,N/A,N/A,N/A,N/A,N/A,N/A,N/A,N/A,N/A,N/A,N/A,N/A,N/A,N/A,N/A,N/A,N/A,N/A,N/A,N/A,N/A,N/A,N/A,N/A,N/A,N/A,N/A,N/A,N/A,N/A,N/A,N/A,N/A,N/A,N/A,N/A,N/A,N/A,N/A,N/A,N/A,N/A,N/A,N/A,N/A,N/A,N/A,N/A,N/A,N/A,N/A,N/A,N/A,N/A,N/A,N/A,N/A,N/A,N/A,N/A,N/A,N/A,N/A,N/A,N/A,N/A,N/A,N/A,N/A,246,227,5,14,N/A,N/A,N/A,N/A,N/A,N/A,N/A,N/A,92.3,2.0,5.7,N/A,N/A,N/A,N/A,N/A,N/A,N/A,N/A,N/A,N/A,N/A,60.2,17.1,N/A,N/A,N/A,N/A,N/A,N/A,N/A,N/A,N/A,N/A,N/A,N/A,N/A,N/A,N/A,N/A,N/A,N/A,N/A,N/A,N/A,N/A,N/A,N/A,N/A,N/A,N/A,N/A,N/A,N/A,N/A,N/A,N/A,N/A,N/A,N/A,N/A,N/A,N/A,N/A,N/A,N/A,N/A,N/A,N/A,N/A,N/A,N/A,N/A,N/A,N/A,N/A,N/A,N/A,N/A,N/A,N/A,N/A,N/A,N/A,N/A,N/A,N/A,N/A,N/A,N/A,N/A,N/A,N/A,N/A,N/A,N/A,N/A,N/A,N/A,N/A,N/A,N/A,N/A,N/A,N/A,N/A,N/A,N/A,N/A,N/A,N/A,N/A,N/A,N/A,N/A,N/A,N/A,N/A,N/A,N/A,N/A,N/A,N/A,N/A,N/A,N/A,N/A,N/A,N/A,N/A,N/A,N/A,N/A,N/A,N/A,N/A
Mathematics 9 KAE,001,All Students Writing,1891,1651,149,91,1239,289,412,240,1224,279,1235,302,87.3,7.9,4.8,65.5,15.3,21.8,12.7,75.0,17.5,25.0,74.1,16.9,74.8,18.3,64.4,16.9,1935,1689,147,99,1255,288,434,246,1215,404,1289,317,87.3,7.6,5.1,64.9,14.9,22.4,12.7,74.3,17.1,25.7,71.9,23.9,76.3,18.8,65.0,17.8,1940,1690,142,108,1212,298,478,250,1184,317,1238,371,87.1,7.3,5.6,62.5,15.4,24.6,12.9,71.7,17.6,28.3,70.1,18.8,73.3,22.0,63.3,17.5,1664,1463,141,60,1095,245,368,201,1002,305,1120,303,87.9,8.5,3.6,65.8,14.7,22.1,12.1,74.8,16.7,25.2,68.5,20.8,76.6,20.7,64.1,17.0,1971,1700,202,69,1250,286,450,271,1209,425,1270,301,86.3,10.2,3.5,63.4,14.5,22.8,13.7,73.5,16.8,26.5,71.1,25.0,74.7,17.7,62.8,16.4,57,53,1,3,46,12,7,4,44,13,47,15,93.0,1.8,5.3,80.7,21.1,12.3,7.0,86.8,22.6,13.2,83.0,24.5,88.7,28.3,71.1,14.9,31,30,1,0,26,6,4,1,24,12,26,7,96.8,3.2,0.0,83.9,19.4,12.9,3.2,86.7,20.0,13.3,80.0,40.0,86.7,23.3,69.2,18.5,34,33,1,0,29,9,4,1,27,7,31,10,97.1,2.9,0.0,85.3,26.5,11.8,2.9,87.9,27.3,12.1,81.8,21.2,93.9,30.3,70.7,14.7,37,37,0,0,29,5,8,0,27,9,29,10,100.0,0.0,0.0,78.4,13.5,21.6,0.0,78.4,13.5,21.6,73.0,24.3,78.4,27.0,66.0,16.9,34,34,0,0,31,10,3,0,26,10,32,11,100.0,0.0,0.0,91.2,29.4,8.8,0.0,91.2,29.4,8.8,76.5,29.4,94.1,32.4,69.4,12.9
Mathematics 9 KAE,001,Written in English,1879,1639,149,91,1229,287,410,240,1214,277,1225,300,87.2,7.9,4.8,65.4,15.3,21.8,12.8,75.0,17.5,25.0,74.1,16.9,74.7,18.3,64.3,16.9,1923,1677,147,99,1244,285,433,246,1204,399,1278,314,87.2,7.6,5.1,64.7,14.8,22.5,12.8,74.2,17.0,25.8,71.8,23.8,76.2,18.7,64.9,17.8,1915,1667,140,108,1194,294,473,248,1170,315,1220,367,87.0,7.3,5.6,62.3,15.4,24.7,13.0,71.6,17.6,28.4,70.2,18.9,73.2,22.0,63.3,17.6,1654,1453,141,60,1088,243,365,201,995,303,1114,301,87.8,8.5,3.6,65.8,14.7,22.1,12.2,74.9,16.7,25.1,68.5,20.9,76.7,20.7,64.1,17.0,1941,1673,201,67,1231,282,442,268,1192,418,1251,297,86.2,10.4,3.5,63.4,14.5,22.8,13.8,73.6,16.9,26.4,71.2,25.0,74.8,17.8,62.8,16.4,57,53,1,3,46,12,7,4,44,13,47,15,93.0,1.8,5.3,80.7,21.1,12.3,7.0,86.8,22.6,13.2,83.0,24.5,88.7,28.3,71.1,14.9,31,30,1,0,26,6,4,1,24,12,26,7,96.8,3.2,0.0,83.9,19.4,12.9,3.2,86.7,20.0,13.3,80.0,40.0,86.7,23.3,69.2,18.5,34,33,1,0,29,9,4,1,27,7,31,10,97.1,2.9,0.0,85.3,26.5,11.8,2.9,87.9,27.3,12.1,81.8,21.2,93.9,30.3,70.7,14.7,37,37,0,0,29,5,8,0,27,9,29,10,100.0,0.0,0.0,78.4,13.5,21.6,0.0,78.4,13.5,21.6,73.0,24.3,78.4,27.0,66.0,16.9,34,34,0,0,31,10,3,0,26,10,32,11,100.0,0.0,0.0,91.2,29.4,8.8,0.0,91.2,29.4,8.8,76.5,29.4,94.1,32.4,69.4,12.9
Mathematics 9 (Fr),001,Written in French,2292,2252,22,18,1969,610,283,40,2003,617,1957,711,98.3,1.0,0.8,85.9,26.6,12.3,1.7,87.4,27.1,12.6,88.9,27.4,86.9,31.6,68.9,18.7,2467,2422,29,16,2042,489,380,45,N/A,N/A,N/A,N/A,98.2,1.2,0.6,82.8,19.8,15.4,1.8,84.3,20.2,15.7,N/A,N/A,N/A,N/A,71.4,16.8,2488,2444,29,15,2103,550,341,44,N/A,N/A,N/A,N/A,98.2,1.2,0.6,84.5,22.1,13.7,1.8,86.0,22.5,14.0,N/A,N/A,N/A,N/A,62.8,17.2,1510,1472,29,9,1260,329,212,38,N/A,N/A,N/A,N/A,97.5,1.9,0.6,83.4,21.8,14.0,2.5,85.6,22.4,14.4,N/A,N/A,N/A,N/A,63.6,18.2,2840,2764,48,28,2396,639,368,76,N/A,N/A,N/A,N/A,97.3,1.7,1.0,84.4,22.5,13.0,2.7,86.7,23.1,13.3,N/A,N/A,N/A,N/A,65.2,17.3,53,53,0,0,47,12,6,0,49,13,47,14,100.0,0.0,0.0,88.7,22.6,11.3,0.0,88.7,22.6,11.3,92.5,24.5,88.7,26.4,68.1,17.2,49,49,0,0,39,9,10,0,N/A,N/A,N/A,N/A,100.0,0.0,0.0,79.6,18.4,20.4,0.0,79.6,18.4,20.4,N/A,N/A,N/A,N/A,69.8,16.2,37,37,0,0,28,7,9,0,N/A,N/A,N/A,N/A,100.0,0.0,0.0,75.7,18.9,24.3,0.0,75.7,18.9,24.3,N/A,N/A,N/A,N/A,61.6,17.5,49,49,0,0,40,12,9,0,N/A,N/A,N/A,N/A,100.0,0.0,0.0,81.6,24.5,18.4,0.0,81.6,24.5,18.4,N/A,N/A,N/A,N/A,63.2,19.8,51,49,1,1,44,14,5,2,N/A,N/A,N/A,N/A,96.1,2.0,2.0,86.3,27.5,9.8,3.9,89.8,28.6,10.2,N/A,N/A,N/A,N/A,68.8,17.5
Science 9,001,All Students Writing,43365,39190,1999,2176,31931,7695,7259,4175,32415,6012,31616,10991,90.4,4.6,5.0,73.6,17.7,16.7,9.6,81.5,19.6,18.5,82.7,15.3,80.7,28.0,66.5,18.7,42923,38633,2286,2004,32130,8920,6503,4290,31866,8906,32496,10834,90.0,5.3,4.7,74.9,20.8,15.2,10.0,83.2,23.1,16.8,82.5,23.1,84.1,28.0,66.4,18.8,42294,38099,2487,1708,31363,9488,6736,4195,30661,10410,31789,10693,90.1,5.9,4.0,74.2,22.4,15.9,9.9,82.3,24.9,17.7,80.5,27.3,83.4,28.1,64.6,18.3,28810,25595,1676,1539,20912,5734,4683,3215,20690,5038,21112,7415,88.8,5.8,5.3,72.6,19.9,16.3,11.2,81.7,22.4,18.3,80.8,19.7,82.5,29.0,64.8,18.1,43769,39205,2577,1987,32053,9666,7152,4564,31578,10594,32466,10904,89.6,5.9,4.5,73.2,22.1,16.3,10.4,81.8,24.7,18.2,80.5,27.0,82.8,27.8,66.1,18.2,1270,1202,32,36,1055,281,147,68,1073,247,1041,377,94.6,2.5,2.8,83.1,22.1,11.6,5.4,87.8,23.4,12.2,89.3,20.5,86.6,31.4,69.8,17.3,1312,1243,35,34,1058,285,185,69,1064,314,1066,317,94.7,2.7,2.6,80.6,21.7,14.1,5.3,85.1,22.9,14.9,85.6,25.3,85.8,25.5,67.2,18.1,1177,1118,15,44,982,287,136,59,957,338,985,302,95.0,1.3,3.7,83.4,24.4,11.6,5.0,87.8,25.7,12.2,85.6,30.2,88.1,27.0,66.3,16.7,1216,1164,15,37,1019,321,145,52,1003,273,1016,414,95.7,1.2,3.0,83.8,26.4,11.9,4.3,87.5,27.6,12.5,86.2,23.5,87.3,35.6,68.1,17.2,1183,1123,19,41,974,351,149,60,969,365,988,384,94.9,1.6,3.5,82.3,29.7,12.6,5.1,86.7,31.3,13.3,86.3,32.5,88.0,34.2,69.7,17.4
Science 9,001,Written in English,40795,36653,1982,2160,29760,7250,6893,4142,30260,5735,29445,10267,89.8,4.9,5.3,73.0,17.8,16.9,10.2,81.2,19.8,18.8,82.6,15.6,80.3,28.0,66.4,18.8,40423,36167,2263,1993,29964,8394,6203,4256,29767,8464,30279,10086,89.5,5.6,4.9,74.1,20.8,15.3,10.5,82.8,23.2,17.2,82.3,23.4,83.7,27.9,66.3,18.9,39798,35649,2453,1696,29223,8879,6426,4149,28627,9758,29599,9954,89.6,6.2,4.3,73.4,22.3,16.1,10.4,82.0,24.9,18.0,80.3,27.4,83.0,27.9,64.5,18.4,27282,24098,1653,1531,19652,5394,4446,3184,19437,4734,19847,6971,88.3,6.1,5.6,72.0,19.8,16.3,11.7,81.6,22.4,18.4,80.7,19.6,82.4,28.9,64.9,18.2,40877,36381,2535,1961,29657,8998,6724,4496,29232,9843,30035,10138,89.0,6.2,4.8,72.6,22.0,16.4,11.0,81.5,24.7,18.5,80.3,27.1,82.6,27.9,66.1,18.3,1214,1146,32,36,1007,271,139,68,1024,239,994,364,94.4,2.6,3.0,82.9,22.3,11.4,5.6,87.9,23.6,12.1,89.4,20.9,86.7,31.8,69.8,17.4,1263,1194,35,34,1017,275,177,69,1027,305,1023,302,94.5,2.8,2.7,80.5,21.8,14.0,5.5,85.2,23.0,14.8,86.0,25.5,85.7,25.3,67.2,18.1,1140,1082,15,43,952,278,130,58,927,328,953,290,94.9,1.3,3.8,83.5,24.4,11.4,5.1,88.0,25.7,12.0,85.7,30.3,88.1,26.8,66.4,16.7,1167,1115,15,37,973,304,142,52,959,260,972,395,95.5,1.3,3.2,83.4,26.0,12.2,4.5,87.3,27.3,12.7,86.0,23.3,87.2,35.4,68.1,17.2,1133,1075,18,40,931,332,144,58,929,350,944,365,94.9,1.6,3.5,82.2,29.3,12.7,5.1,86.6,30.9,13.4,86.4,32.6,87.8,34.0,69.7,17.5
Science 9 KAE,001,All Students Writing,1523,1320,106,97,1022,218,298,203,1057,221,1018,213,86.7,7.0,6.4,67.1,14.3,19.6,13.3,77.4,16.5,22.6,80.1,16.7,77.1,16.1,64.3,16.4,1585,1380,118,87,1101,241,279,205,1105,279,1108,209,87.1,7.4,5.5,69.5,15.2,17.6,12.9,79.8,17.5,20.2,80.1,20.2,80.3,15.1,65.7,15.6,1572,1347,116,109,1068,271,279,225,1049,329,1084,206,85.7,7.4,6.9,67.9,17.2,17.7,14.3,79.3,20.1,20.7,77.9,24.4,80.5,15.3,66.2,15.9,1424,1238,116,70,974,244,264,186,957,306,1003,207,86.9,8.1,4.9,68.4,17.1,18.5,13.1,78.7,19.7,21.3,77.3,24.7,81.0,16.7,65.4,15.2,1513,1297,148,68,970,225,327,216,1015,262,1013,214,85.7,9.8,4.5,64.1,14.9,21.6,14.3,74.8,17.3,25.2,78.3,20.2,78.1,16.5,63.6,16.0,39,35,0,4,30,8,5,4,32,9,27,7,89.7,0.0,10.3,76.9,20.5,12.8,10.3,85.7,22.9,14.3,91.4,25.7,77.1,20.0,69.6,15.1,26,25,1,0,22,4,3,1,22,7,22,2,96.2,3.8,0.0,84.6,15.4,11.5,3.8,88.0,16.0,12.0,88.0,28.0,88.0,8.0,70.8,13.2,27,27,0,0,25,8,2,0,26,10,23,8,100.0,0.0,0.0,92.6,29.6,7.4,0.0,92.6,29.6,7.4,96.3,37.0,85.2,29.6,72.7,13.3,22,22,0,0,19,5,3,0,19,5,20,2,100.0,0.0,0.0,86.4,22.7,13.6,0.0,86.4,22.7,13.6,86.4,22.7,90.9,9.1,67.7,11.5,23,23,0,0,21,8,2,0,20,9,22,7,100.0,0.0,0.0,91.3,34.8,8.7,0.0,91.3,34.8,8.7,87.0,39.1,95.7,30.4,73.0,14.4
Science 9 KAE,001,Written in English,1516,1313,106,97,1016,217,297,203,1050,219,1013,212,86.6,7.0,6.4,67.0,14.3,19.6,13.4,77.4,16.5,22.6,80.0,16.7,77.2,16.1,64.3,16.4,1584,1379,118,87,1100,241,279,205,1104,279,1107,209,87.1,7.4,5.5,69.4,15.2,17.6,12.9,79.8,17.5,20.2,80.1,20.2,80.3,15.2,65.7,15.6,1560,1336,115,109,1061,271,275,224,1041,328,1078,206,85.6,7.4,7.0,68.0,17.4,17.6,14.4,79.4,20.3,20.6,77.9,24.6,80.7,15.4,66.2,15.9,1421,1235,116,70,973,243,262,186,956,305,1002,207,86.9,8.2,4.9,68.5,17.1,18.4,13.1,78.8,19.7,21.2,77.4,24.7,81.1,16.8,65.4,15.2,1496,1281,147,68,967,225,314,215,1009,262,1007,214,85.6,9.8,4.5,64.6,15.0,21.0,14.4,75.5,17.6,24.5,78.8,20.5,78.6,16.7,63.8,15.9,39,35,0,4,30,8,5,4,32,9,27,7,89.7,0.0,10.3,76.9,20.5,12.8,10.3,85.7,22.9,14.3,91.4,25.7,77.1,20.0,69.6,15.1,26,25,1,0,22,4,3,1,22,7,22,2,96.2,3.8,0.0,84.6,15.4,11.5,3.8,88.0,16.0,12.0,88.0,28.0,88.0,8.0,70.8,13.2,27,27,0,0,25,8,2,0,26,10,23,8,100.0,0.0,0.0,92.6,29.6,7.4,0.0,92.6,29.6,7.4,96.3,37.0,85.2,29.6,72.7,13.3,22,22,0,0,19,5,3,0,19,5,20,2,100.0,0.0,0.0,86.4,22.7,13.6,0.0,86.4,22.7,13.6,86.4,22.7,90.9,9.1,67.7,11.5,23,23,0,0,21,8,2,0,20,9,22,7,100.0,0.0,0.0,91.3,34.8,8.7,0.0,91.3,34.8,8.7,87.0,39.1,95.7,30.4,73.0,14.4
Science 9 (Fr),001,Written in French,2570,2537,17,16,2171,445,366,33,2155,277,2171,724,98.7,0.7,0.6,84.5,17.3,14.2,1.3,85.6,17.5,14.4,84.9,10.9,85.6,28.5,67.3,17.0,2500,2466,23,11,2166,526,300,34,2099,442,2217,748,98.6,0.9,0.4,86.6,21.0,12.0,1.4,87.8,21.3,12.2,85.1,17.9,89.9,30.3,67.9,16.7,2496,2450,34,12,2140,609,310,46,2034,652,2190,739,98.2,1.4,0.5,85.7,24.4,12.4,1.8,87.3,24.9,12.7,83.0,26.6,89.4,30.2,66.5,16.4,1528,1497,23,8,1260,340,237,31,1253,304,1265,444,98.0,1.5,0.5,82.5,22.3,15.5,2.0,84.2,22.7,15.8,83.7,20.3,84.5,29.7,63.9,17.0,2892,2824,42,26,2396,668,428,68,2346,751,2431,766,97.6,1.5,0.9,82.8,23.1,14.8,2.4,84.8,23.7,15.2,83.1,26.6,86.1,27.1,65.5,17.0,56,56,0,0,48,10,8,0,49,8,47,13,100.0,0.0,0.0,85.7,17.9,14.3,0.0,85.7,17.9,14.3,87.5,14.3,83.9,23.2,68.4,17.2,49,49,0,0,41,10,8,0,37,9,43,15,100.0,0.0,0.0,83.7,20.4,16.3,0.0,83.7,20.4,16.3,75.5,18.4,87.8,30.6,67.0,18.0,37,36,0,1,30,9,6,1,30,10,32,12,97.3,0.0,2.7,81.1,24.3,16.2,2.7,83.3,25.0,16.7,83.3,27.8,88.9,33.3,65.5,17.0,49,49,0,0,46,17,3,0,44,13,44,19,100.0,0.0,0.0,93.9,34.7,6.1,0.0,93.9,34.7,6.1,89.8,26.5,89.8,38.8,68.6,16.0,50,48,1,1,43,19,5,2,40,15,44,19,96.0,2.0,2.0,86.0,38.0,10.0,4.0,89.6,39.6,10.4,83.3,31.3,91.7,39.6,69.2,15.6
Social Studies 9,001,All Students Writing,43762,39483,2027,2252,30169,8215,9314,4279,N/A,N/A,N/A,N/A,90.2,4.6,5.1,68.9,18.8,21.3,9.8,76.4,20.8,23.6,N/A,N/A,N/A,N/A,67.5,17.3,43118,38299,2812,2007,28999,8207,9300,4819,N/A,N/A,N/A,N/A,88.8,6.5,4.7,67.3,19.0,21.6,11.2,75.7,21.4,24.3,N/A,N/A,N/A,N/A,64.5,18.4,42416,37777,2885,1754,29223,8094,8554,4639,N/A,N/A,N/A,N/A,89.1,6.8,4.1,68.9,19.1,20.2,10.9,77.4,21.4,22.6,N/A,N/A,N/A,N/A,66.0,19.0,29004,25615,1891,1498,18951,5431,6664,3389,N/A,N/A,N/A,N/A,88.3,6.5,5.2,65.3,18.7,23.0,11.7,74.0,21.2,26.0,N/A,N/A,N/A,N/A,65.7,19.3,43773,38842,2876,2055,28691,8702,10151,4931,N/A,N/A,N/A,N/A,88.7,6.6,4.7,65.5,19.9,23.2,11.3,73.9,22.4,26.1,N/A,N/A,N/A,N/A,64.1,19.3,1269,1203,31,35,1013,311,190,66,N/A,N/A,N/A,N/A,94.8,2.4,2.8,79.8,24.5,15.0,5.2,84.2,25.9,15.8,N/A,N/A,N/A,N/A,71.1,16.4,1313,1234,43,36,998,320,236,79,N/A,N/A,N/A,N/A,94.0,3.3,2.7,76.0,24.4,18.0,6.0,80.9,25.9,19.1,N/A,N/A,N/A,N/A,67.5,17.8,1175,1115,18,42,923,289,192,60,N/A,N/A,N/A,N/A,94.9,1.5,3.6,78.6,24.6,16.3,5.1,82.8,25.9,17.2,N/A,N/A,N/A,N/A,68.8,18.0,1212,1154,23,35,883,274,271,58,N/A,N/A,N/A,N/A,95.2,1.9,2.9,72.9,22.6,22.4,4.8,76.5,23.7,23.5,N/A,N/A,N/A,N/A,67.7,18.9,1181,1114,28,39,878,300,236,67,N/A,N/A,N/A,N/A,94.3,2.4,3.3,74.3,25.4,20.0,5.7,78.8,26.9,21.2,N/A,N/A,N/A,N/A,67.1,18.4
Social Studies 9,001,Written in English,41059,36821,2000,2238,27923,7721,8898,4238,N/A,N/A,N/A,N/A,89.7,4.9,5.5,68.0,18.8,21.7,10.3,75.8,21.0,24.2,N/A,N/A,N/A,N/A,67.4,17.5,40474,35710,2768,1996,26919,7836,8791,4764,N/A,N/A,N/A,N/A,88.2,6.8,4.9,66.5,19.4,21.7,11.8,75.4,21.9,24.6,N/A,N/A,N/A,N/A,64.5,18.7,39779,35208,2830,1741,27080,7779,8128,4571,N/A,N/A,N/A,N/A,88.5,7.1,4.4,68.1,19.6,20.4,11.5,76.9,22.1,23.1,N/A,N/A,N/A,N/A,66.1,19.3,27365,24005,1869,1491,17678,5201,6327,3360,N/A,N/A,N/A,N/A,87.7,6.8,5.4,64.6,19.0,23.1,12.3,73.6,21.7,26.4,N/A,N/A,N/A,N/A,65.8,19.4,40741,35917,2797,2027,26421,8260,9496,4824,N/A,N/A,N/A,N/A,88.2,6.9,5.0,64.9,20.3,23.3,11.8,73.6,23.0,26.4,N/A,N/A,N/A,N/A,64.2,19.4,1214,1148,31,35,968,306,180,66,N/A,N/A,N/A,N/A,94.6,2.6,2.9,79.7,25.2,14.8,5.4,84.3,26.7,15.7,N/A,N/A,N/A,N/A,71.4,16.5,1264,1187,43,34,962,318,225,77,N/A,N/A,N/A,N/A,93.9,3.4,2.7,76.1,25.2,17.8,6.1,81.0,26.8,19.0,N/A,N/A,N/A,N/A,67.8,17.8,1137,1077,18,42,893,285,184,60,N/A,N/A,N/A,N/A,94.7,1.6,3.7,78.5,25.1,16.2,5.3,82.9,26.5,17.1,N/A,N/A,N/A,N/A,69.0,18.1,1164,1106,23,35,843,270,263,58,N/A,N/A,N/A,N/A,95.0,2.0,3.0,72.4,23.2,22.6,5.0,76.2,24.4,23.8,N/A,N/A,N/A,N/A,67.8,19.0,1130,1065,27,38,840,293,225,65,N/A,N/A,N/A,N/A,94.2,2.4,3.4,74.3,25.9,19.9,5.8,78.9,27.5,21.1,N/A,N/A,N/A,N/A,67.2,18.4
Social Studies 9 KAE,001,All Students Writing,1554,1323,135,96,1003,244,320,231,N/A,N/A,N/A,N/A,85.1,8.7,6.2,64.5,15.7,20.6,14.9,75.8,18.4,24.2,N/A,N/A,N/A,N/A,66.0,15.9,1572,1322,159,91,972,213,350,250,N/A,N/A,N/A,N/A,84.1,10.1,5.8,61.8,13.5,22.3,15.9,73.5,16.1,26.5,N/A,N/A,N/A,N/A,66.6,16.4,1586,1332,150,104,1008,219,324,254,N/A,N/A,N/A,N/A,84.0,9.5,6.6,63.6,13.8,20.4,16.0,75.7,16.4,24.3,N/A,N/A,N/A,N/A,66.3,17.0,1371,1192,124,55,885,179,307,179,N/A,N/A,N/A,N/A,86.9,9.0,4.0,64.6,13.1,22.4,13.1,74.2,15.0,25.8,N/A,N/A,N/A,N/A,64.5,17.4,1510,1277,173,60,933,161,344,233,N/A,N/A,N/A,N/A,84.6,11.5,4.0,61.8,10.7,22.8,15.4,73.1,12.6,26.9,N/A,N/A,N/A,N/A,65.4,17.5,42,39,0,3,34,14,5,3,N/A,N/A,N/A,N/A,92.9,0.0,7.1,81.0,33.3,11.9,7.1,87.2,35.9,12.8,N/A,N/A,N/A,N/A,72.5,15.8,27,26,1,0,22,8,4,1,N/A,N/A,N/A,N/A,96.3,3.7,0.0,81.5,29.6,14.8,3.7,84.6,30.8,15.4,N/A,N/A,N/A,N/A,72.6,16.9,30,29,1,0,25,7,4,1,N/A,N/A,N/A,N/A,96.7,3.3,0.0,83.3,23.3,13.3,3.3,86.2,24.1,13.8,N/A,N/A,N/A,N/A,73.1,14.8,26,26,0,0,20,5,6,0,N/A,N/A,N/A,N/A,100.0,0.0,0.0,76.9,19.2,23.1,0.0,76.9,19.2,23.1,N/A,N/A,N/A,N/A,66.4,15.6,25,25,0,0,21,4,4,0,N/A,N/A,N/A,N/A,100.0,0.0,0.0,84.0,16.0,16.0,0.0,84.0,16.0,16.0,N/A,N/A,N/A,N/A,71.8,15.3
Social Studies 9 KAE,001,Written in English,1547,1316,135,96,997,244,319,231,N/A,N/A,N/A,N/A,85.1,8.7,6.2,64.4,15.8,20.6,14.9,75.8,18.5,24.2,N/A,N/A,N/A,N/A,66.1,16.0,1571,1321,159,91,971,213,350,250,N/A,N/A,N/A,N/A,84.1,10.1,5.8,61.8,13.6,22.3,15.9,73.5,16.1,26.5,N/A,N/A,N/A,N/A,66.6,16.5,1574,1321,149,104,1000,219,321,253,N/A,N/A,N/A,N/A,83.9,9.5,6.6,63.5,13.9,20.4,16.1,75.7,16.6,24.3,N/A,N/A,N/A,N/A,66.3,17.1,1368,1189,124,55,884,179,305,179,N/A,N/A,N/A,N/A,86.9,9.1,4.0,64.6,13.1,22.3,13.1,74.3,15.1,25.7,N/A,N/A,N/A,N/A,64.5,17.4,1497,1264,173,60,927,161,337,233,N/A,N/A,N/A,N/A,84.4,11.6,4.0,61.9,10.8,22.5,15.6,73.3,12.7,26.7,N/A,N/A,N/A,N/A,65.6,17.5,42,39,0,3,34,14,5,3,N/A,N/A,N/A,N/A,92.9,0.0,7.1,81.0,33.3,11.9,7.1,87.2,35.9,12.8,N/A,N/A,N/A,N/A,72.5,15.8,27,26,1,0,22,8,4,1,N/A,N/A,N/A,N/A,96.3,3.7,0.0,81.5,29.6,14.8,3.7,84.6,30.8,15.4,N/A,N/A,N/A,N/A,72.6,16.9,30,29,1,0,25,7,4,1,N/A,N/A,N/A,N/A,96.7,3.3,0.0,83.3,23.3,13.3,3.3,86.2,24.1,13.8,N/A,N/A,N/A,N/A,73.1,14.8,26,26,0,0,20,5,6,0,N/A,N/A,N/A,N/A,100.0,0.0,0.0,76.9,19.2,23.1,0.0,76.9,19.2,23.1,N/A,N/A,N/A,N/A,66.4,15.6,25,25,0,0,21,4,4,0,N/A,N/A,N/A,N/A,100.0,0.0,0.0,84.0,16.0,16.0,0.0,84.0,16.0,16.0,N/A,N/A,N/A,N/A,71.8,15.3
Social Studies (Fr) 9,001,Written in French,2703,2662,27,14,2246,494,416,41,N/A,N/A,N/A,N/A,98.5,1.0,0.5,83.1,18.3,15.4,1.5,84.4,18.6,15.6,N/A,N/A,N/A,N/A,69.8,14.2,2644,2589,44,11,2080,371,509,55,N/A,N/A,N/A,N/A,97.9,1.7,0.4,78.7,14.0,19.3,2.1,80.3,14.3,19.7,N/A,N/A,N/A,N/A,64.5,15.1,2637,2569,55,13,2143,315,426,68,N/A,N/A,N/A,N/A,97.4,2.1,0.5,81.3,11.9,16.2,2.6,83.4,12.3,16.6,N/A,N/A,N/A,N/A,65.7,15.5,1639,1610,22,7,1273,230,337,29,N/A,N/A,N/A,N/A,98.2,1.3,0.4,77.7,14.0,20.6,1.8,79.1,14.3,20.9,N/A,N/A,N/A,N/A,65.4,17.6,3032,2925,79,28,2270,442,655,107,N/A,N/A,N/A,N/A,96.5,2.6,0.9,74.9,14.6,21.6,3.5,77.6,15.1,22.4,N/A,N/A,N/A,N/A,63.2,18.1,55,55,0,0,45,5,10,0,N/A,N/A,N/A,N/A,100.0,0.0,0.0,81.8,9.1,18.2,0.0,81.8,9.1,18.2,N/A,N/A,N/A,N/A,65.6,13.2,49,47,0,2,36,2,11,2,N/A,N/A,N/A,N/A,95.9,0.0,4.1,73.5,4.1,22.4,4.1,76.6,4.3,23.4,N/A,N/A,N/A,N/A,59.6,14.9,38,38,0,0,30,4,8,0,N/A,N/A,N/A,N/A,100.0,0.0,0.0,78.9,10.5,21.1,0.0,78.9,10.5,21.1,N/A,N/A,N/A,N/A,62.6,15.4,48,48,0,0,40,4,8,0,N/A,N/A,N/A,N/A,100.0,0.0,0.0,83.3,8.3,16.7,0.0,83.3,8.3,16.7,N/A,N/A,N/A,N/A,65.7,14.7,51,49,1,1,38,7,11,2,N/A,N/A,N/A,N/A,96.1,2.0,2.0,74.5,13.7,21.6,3.9,77.6,14.3,22.4,N/A,N/A,N/A,N/A,64.5,18.6
